{
    "metrics": {
        "vus_max": {
            "value": 20,
            "min": 20,
            "max": 20
        },
        "http_req_connecting": {
            "p(95)": 0,
            "avg": 0.19034052499999998,
            "min": 0,
            "med": 0,
            "max": 9.558978,
            "p(90)": 0
        },
        "http_req_waiting": {
            "avg": 48.6573749516667,
            "min": 16.116075,
            "med": 23.1515095,
            "max": 1159.583014,
            "p(90)": 75.3299101,
            "p(95)": 166.77480525
        },
        "http_req_failed": {
            "passes": 0,
            "fails": 600,
            "thresholds": {
                "rate<0.01": false
            },
            "value": 0
        },
        "http_reqs": {
            "count": 600,
            "rate": 9.995780760616189
        },
        "accepted_orders": {
            "count": 600,
            "rate": 9.995780760616189
        },
        "iteration_duration": {
            "avg": 149.8095907983334,
            "min": 116.513244,
            "med": 124.1802305,
            "max": 1265.71562,
            "p(90)": 176.1428141,
            "p(95)": 268.1058675
        },
        "vus": {
            "value": 1,
            "min": 1,
            "max": 7
        },
        "unexpected_error_rate": {
            "passes": 0,
            "fails": 600,
            "thresholds": {
                "rate<0.01": false
            },
            "value": 0
        },
        "http_req_blocked": {
            "avg": 0.1999663283333334,
            "min": 0.003045,
            "med": 0.0055175,
            "max": 9.667145,
            "p(90)": 0.008563500000000002,
            "p(95)": 0.015140049999999997
        },
        "http_req_receiving": {
            "p(95)": 0.12128674999999994,
            "avg": 0.07735269666666653,
            "min": 0.026733,
            "med": 0.0719165,
            "max": 0.614741,
            "p(90)": 0.10534450000000001
        },
        "data_received": {
            "count": 489730,
            "rate": 8158.7228531609435
        },
        "http_req_duration{expected_response:true}": {
            "max": 1159.815121,
            "p(90)": 75.4284088,
            "p(95)": 166.85011905,
            "avg": 48.761917665000006,
            "min": 16.195195,
            "med": 23.223544
        },
        "data_sent": {
            "rate": 4442.458162709855,
            "count": 266660
        },
        "http_req_duration": {
            "avg": 48.761917665000006,
            "min": 16.195195,
            "med": 23.223544,
            "max": 1159.815121,
            "p(90)": 75.4284088,
            "p(95)": 166.85011905,
            "thresholds": {
                "p(95)<1500": false
            }
        },
        "http_req_sending": {
            "min": 0.013351,
            "med": 0.0216625,
            "max": 0.257081,
            "p(90)": 0.03552860000000001,
            "p(95)": 0.04875089999999993,
            "avg": 0.027190016666666653
        },
        "iterations": {
            "count": 600,
            "rate": 9.995780760616189
        },
        "checks": {
            "passes": 600,
            "fails": 0,
            "value": 1
        },
        "http_req_tls_handshaking": {
            "avg": 0,
            "min": 0,
            "med": 0,
            "max": 0,
            "p(90)": 0,
            "p(95)": 0
        }
    },
    "root_group": {
        "name": "",
        "path": "",
        "id": "d41d8cd98f00b204e9800998ecf8427e",
        "groups": {},
        "checks": {
                "order request accepted or rejected": {
                    "name": "order request accepted or rejected",
                    "path": "::order request accepted or rejected",
                    "id": "fafce62c9a34b6143cfab38c6a298f18",
                    "passes": 600,
                    "fails": 0
                }
            }
    }
}