{
  "http_reqs": {
    "count": 1201,
    "rate": 19.94407111669858
  },
  "iterations": {
    "count": 1201,
    "rate": 19.94407111669858
  },
  "dropped_iterations": {
    "count": 0
  },
  "accepted_orders": {
    "count": 1201,
    "rate": 19.94407111669858
  },
  "rejected_orders": {
    "count": 0,
    "rate": 0
  },
  "http_req_failed": {
    "value": 0
  },
  "unexpected_error_rate": {
    "value": 0
  },
  "http_req_duration": {
    "avg": 105.00958322731029,
    "min": 84.388387,
    "med": 95.138395,
    "p(90)": 119.752303,
    "p(95)": 145.089741,
    "max": 656.282001
  }
}
