{
    "metrics": {
        "http_req_receiving": {
            "max": 0.537624,
            "p(90)": 0.072906,
            "p(95)": 0.081585,
            "avg": 0.05526161032472945,
            "min": 0.010158,
            "med": 0.052244
        },
        "http_req_duration": {
            "avg": 105.00958322731029,
            "min": 84.388387,
            "med": 95.138395,
            "max": 656.282001,
            "p(90)": 119.752303,
            "p(95)": 145.089741,
            "thresholds": {
                "p(95)<1500": false
            }
        },
        "http_reqs": {
            "count": 1201,
            "rate": 19.94407111669858
        },
        "http_req_tls_handshaking": {
            "max": 0,
            "p(90)": 0,
            "p(95)": 0,
            "avg": 0,
            "min": 0,
            "med": 0
        },
        "data_sent": {
            "count": 732469,
            "rate": 12163.541904060861
        },
        "data_received": {
            "count": 932806,
            "rate": 15490.3823497778
        },
        "http_req_failed": {
            "passes": 0,
            "fails": 1201,
            "thresholds": {
                "rate<0.01": false
            },
            "value": 0
        },
        "http_req_connecting": {
            "min": 0,
            "med": 0,
            "max": 0.197481,
            "p(90)": 0,
            "p(95)": 0,
            "avg": 0.0041783680266444636
        },
        "iteration_duration": {
            "avg": 205.76402473022486,
            "min": 185.123766,
            "med": 195.889872,
            "max": 757.986498,
            "p(90)": 220.576521,
            "p(95)": 246.089014
        },
        "iterations": {
            "count": 1201,
            "rate": 19.94407111669858
        },
        "http_req_blocked": {
            "avg": 0.010543865112406337,
            "min": 0.002081,
            "med": 0.004616,
            "max": 0.354416,
            "p(90)": 0.006031,
            "p(95)": 0.007921
        },
        "http_req_sending": {
            "med": 0.018481,
            "max": 0.108285,
            "p(90)": 0.024363,
            "p(95)": 0.032728,
            "avg": 0.020248843463780194,
            "min": 0.008745
        },
        "vus_max": {
            "value": 40,
            "min": 40,
            "max": 40
        },
        "accepted_orders": {
            "rate": 19.94407111669858,
            "count": 1201
        },
        "checks": {
            "passes": 1201,
            "fails": 0,
            "value": 1
        },
        "vus": {
            "value": 4,
            "min": 4,
            "max": 7
        },
        "http_req_waiting": {
            "max": 656.121571,
            "p(90)": 119.660189,
            "p(95)": 145.011892,
            "avg": 104.93407277352209,
            "min": 84.316009,
            "med": 95.083481
        },
        "http_req_duration{expected_response:true}": {
            "p(95)": 145.089741,
            "avg": 105.00958322731029,
            "min": 84.388387,
            "med": 95.138395,
            "max": 656.282001,
            "p(90)": 119.752303
        },
        "unexpected_error_rate": {
            "passes": 0,
            "fails": 1201,
            "thresholds": {
                "rate<0.01": false
            },
            "value": 0
        }
    },
    "root_group": {
        "path": "",
        "id": "d41d8cd98f00b204e9800998ecf8427e",
        "groups": {},
        "checks": {
                "order request accepted or rejected": {
                    "id": "fafce62c9a34b6143cfab38c6a298f18",
                    "passes": 1201,
                    "fails": 0,
                    "name": "order request accepted or rejected",
                    "path": "::order request accepted or rejected"
                }
            },
        "name": ""
    }
}
