{
    "root_group": {
        "groups": {},
        "checks": {
                "order request accepted or rejected": {
                    "id": "fafce62c9a34b6143cfab38c6a298f18",
                    "passes": 600,
                    "fails": 0,
                    "name": "order request accepted or rejected",
                    "path": "::order request accepted or rejected"
                }
            },
        "name": "",
        "path": "",
        "id": "d41d8cd98f00b204e9800998ecf8427e"
    },
    "metrics": {
        "http_req_waiting": {
            "avg": 182.34228649666665,
            "min": 16.211963,
            "med": 125.90110999999999,
            "max": 1317.621254,
            "p(90)": 430.11821360000005,
            "p(95)": 623.7628334999999
        },
        "http_req_duration{expected_response:true}": {
            "avg": 182.47869879666666,
            "min": 16.36769,
            "med": 126.13601249999999,
            "max": 1317.732142,
            "p(90)": 430.26454490000003,
            "p(95)": 623.8611937
        },
        "http_req_receiving": {
            "med": 0.0978985,
            "max": 0.319567,
            "p(90)": 0.142082,
            "p(95)": 0.1626748,
            "avg": 0.0973918166666667,
            "min": 0.015677
        },
        "data_sent": {
            "count": 286456,
            "rate": 4763.528375408836
        },
        "unexpected_error_rate": {
            "passes": 0,
            "fails": 600,
            "thresholds": {
                "rate<0.01": false
            },
            "value": 0
        },
        "http_req_tls_handshaking": {
            "p(90)": 0,
            "p(95)": 0,
            "avg": 0,
            "min": 0,
            "med": 0,
            "max": 0
        },
        "accepted_orders": {
            "count": 600,
            "rate": 9.97750797764858
        },
        "checks": {
            "passes": 600,
            "fails": 0,
            "value": 1
        },
        "iteration_duration": {
            "min": 117.272793,
            "med": 227.0696635,
            "max": 1426.623046,
            "p(90)": 533.1671573000001,
            "p(95)": 724.53173885,
            "avg": 283.66457938500025
        },
        "http_req_failed": {
            "passes": 0,
            "fails": 600,
            "thresholds": {
                "rate<0.01": false
            },
            "value": 0
        },
        "http_req_connecting": {
            "p(90)": 0,
            "p(95)": 0,
            "avg": 0.22671245499999998,
            "min": 0,
            "med": 0,
            "max": 10.919354
        },
        "http_req_sending": {
            "max": 0.205873,
            "p(90)": 0.05687930000000002,
            "p(95)": 0.06697959999999999,
            "avg": 0.03902048333333333,
            "min": 0.015574,
            "med": 0.0409625
        },
        "http_req_duration": {
            "min": 16.36769,
            "med": 126.13601249999999,
            "max": 1317.732142,
            "p(90)": 430.26454490000003,
            "p(95)": 623.8611937,
            "avg": 182.47869879666666,
            "thresholds": {
                "p(95)<1500": false
            }
        },
        "http_reqs": {
            "count": 600,
            "rate": 9.97750797764858
        },
        "vus_max": {
            "value": 20,
            "min": 20,
            "max": 20
        },
        "iterations": {
            "count": 600,
            "rate": 9.97750797764858
        },
        "vus": {
            "value": 2,
            "min": 1,
            "max": 7
        },
        "data_received": {
            "rate": 8473.099324778728,
            "count": 509532
        },
        "http_req_blocked": {
            "avg": 0.23971107833333302,
            "min": 0.003817,
            "med": 0.009985500000000001,
            "max": 11.046475,
            "p(90)": 0.0134415,
            "p(95)": 0.02526194999999995
        }
    }
}