{
    "root_group": {
        "path": "",
        "id": "d41d8cd98f00b204e9800998ecf8427e",
        "groups": {},
        "checks": {
                "idem status 2xx": {
                    "fails": 0,
                    "name": "idem status 2xx",
                    "path": "::idem status 2xx",
                    "id": "70758ee15f02855a8993076a175885f7",
                    "passes": 100
                }
            },
        "name": ""
    },
    "metrics": {
        "http_reqs": {
            "count": 200,
            "rate": 145.16432712518372
        },
        "http_req_duration": {
            "p(90)": 116.91731149999997,
            "p(95)": 452.3701237999993,
            "avg": 77.767638305,
            "min": 11.920196,
            "med": 41.122552999999996,
            "max": 661.456648
        },
        "http_req_duration{expected_response:true}": {
            "avg": 77.767638305,
            "min": 11.920196,
            "med": 41.122552999999996,
            "max": 661.456648,
            "p(90)": 116.91731149999997,
            "p(95)": 452.3701237999993
        },
        "http_req_connecting": {
            "med": 0,
            "max": 5.888827,
            "p(90)": 0.45670299999997405,
            "p(95)": 4.9174240000000005,
            "avg": 0.51274726,
            "min": 0
        },
        "iteration_duration": {
            "avg": 257.4131009800001,
            "min": 144.186161,
            "med": 187.8542145,
            "max": 790.578378,
            "p(90)": 585.1334550000004,
            "p(95)": 685.3635919999999
        },
        "http_req_sending": {
            "max": 0.097993,
            "p(90)": 0.031640699999999994,
            "p(95)": 0.04054559999999999,
            "avg": 0.01818980999999999,
            "min": 0.00575,
            "med": 0.014458
        },
        "data_sent": {
            "count": 72020,
            "rate": 52273.67419777865
        },
        "http_req_receiving": {
            "avg": 0.04444768499999998,
            "min": 0.015442,
            "med": 0.035273,
            "max": 0.153066,
            "p(90)": 0.0784148,
            "p(95)": 0.09248804999999997
        },
        "http_req_blocked": {
            "avg": 0.5225818600000001,
            "min": 0.001167,
            "med": 0.0035185,
            "max": 6.24876,
            "p(90)": 0.48003799999997376,
            "p(95)": 4.969462
        },
        "http_req_failed": {
            "passes": 0,
            "fails": 200,
            "value": 0
        },
        "http_req_waiting": {
            "med": 41.0817275,
            "max": 661.376467,
            "p(90)": 116.83441319999997,
            "p(95)": 452.2712584499993,
            "avg": 77.70500081,
            "min": 11.798609
        },
        "http_req_tls_handshaking": {
            "avg": 0,
            "min": 0,
            "med": 0,
            "max": 0,
            "p(90)": 0,
            "p(95)": 0
        },
        "checks": {
            "passes": 100,
            "fails": 0,
            "value": 1
        },
        "data_received": {
            "count": 157789,
            "rate": 114526.67006377806
        },
        "vus": {
            "max": 20,
            "value": 20,
            "min": 20
        },
        "iterations": {
            "count": 100,
            "rate": 72.58216356259186
        },
        "vus_max": {
            "value": 20,
            "min": 20,
            "max": 20
        },
        "idempotency_correct": {
            "passes": 100,
            "fails": 0,
            "thresholds": {
                "rate>0.99": false
            },
            "value": 1
        }
    }
}