{
    "root_group": {
        "name": "",
        "path": "",
        "id": "d41d8cd98f00b204e9800998ecf8427e",
        "groups": {},
        "checks": {
                "order request accepted or rejected": {
                    "name": "order request accepted or rejected",
                    "path": "::order request accepted or rejected",
                    "id": "fafce62c9a34b6143cfab38c6a298f18",
                    "passes": 301,
                    "fails": 0
                }
            }
    },
    "metrics": {
        "http_req_sending": {
            "max": 0.08268,
            "p(90)": 0.027814,
            "p(95)": 0.04161,
            "avg": 0.023242385382059798,
            "min": 0.01634,
            "med": 0.020702
        },
        "http_req_receiving": {
            "min": 0.03667,
            "med": 0.059071,
            "max": 0.260422,
            "p(90)": 0.081908,
            "p(95)": 0.09516,
            "avg": 0.06293532890365452
        },
        "vus_max": {
            "value": 10,
            "min": 10,
            "max": 10
        },
        "vus": {
            "min": 1,
            "max": 1,
            "value": 1
        },
        "unexpected_error_rate": {
            "fails": 301,
            "passes": 0,
            "thresholds": {
                "rate<0.01": false
            },
            "value": 0
        },
        "data_sent": {
            "count": 151263,
            "rate": 2510.5922388716276
        },
        "iterations": {
            "rate": 4.99585664637327,
            "count": 301
        },
        "http_req_blocked": {
            "p(95)": 0.012448,
            "avg": 0.21221665780730908,
            "min": 0.003767,
            "med": 0.00508,
            "max": 7.604056,
            "p(90)": 0.007322
        },
        "http_req_duration": {
            "min": 19.385166,
            "med": 30.416751,
            "max": 171.947945,
            "p(90)": 46.310864,
            "p(95)": 62.428044,
            "avg": 36.10627233887046,
            "thresholds": {
                "p(95)<1500": false
            }
        },
        "http_req_duration{expected_response:true}": {
            "med": 30.416751,
            "max": 171.947945,
            "p(90)": 46.310864,
            "p(95)": 62.428044,
            "avg": 36.10627233887046,
            "min": 19.385166
        },
        "data_received": {
            "count": 290558,
            "rate": 4822.545234076161
        },
        "http_reqs": {
            "count": 301,
            "rate": 4.99585664637327
        },
        "accepted_orders": {
            "rate": 4.99585664637327,
            "count": 301
        },
        "http_req_connecting": {
            "max": 7.551143,
            "p(90)": 0,
            "p(95)": 0,
            "avg": 0.20509391362126247,
            "min": 0,
            "med": 0
        },
        "http_req_tls_handshaking": {
            "min": 0,
            "med": 0,
            "max": 0,
            "p(90)": 0,
            "p(95)": 0,
            "avg": 0
        },
        "http_req_failed": {
            "passes": 0,
            "fails": 301,
            "thresholds": {
                "rate<0.01": false
            },
            "value": 0
        },
        "http_req_waiting": {
            "avg": 36.020094624584715,
            "min": 19.311229,
            "med": 30.318257,
            "max": 171.857517,
            "p(90)": 46.223308,
            "p(95)": 62.359815
        },
        "checks": {
            "fails": 0,
            "passes": 301,
            "value": 1
        },
        "iteration_duration": {
            "avg": 237.1819885481726,
            "min": 220.565578,
            "med": 231.479276,
            "max": 372.186532,
            "p(90)": 246.768911,
            "p(95)": 263.957245
        }
    }
}