{
    "root_group": {
        "name": "",
        "path": "",
        "id": "d41d8cd98f00b204e9800998ecf8427e",
        "groups": {},
        "checks": {
                "order request accepted or rejected": {
                    "id": "fafce62c9a34b6143cfab38c6a298f18",
                    "passes": 1201,
                    "fails": 0,
                    "name": "order request accepted or rejected",
                    "path": "::order request accepted or rejected"
                }
            }
    },
    "metrics": {
        "accepted_orders": {
            "count": 1201,
            "rate": 19.97003879980784
        },
        "unexpected_error_rate": {
            "passes": 0,
            "fails": 1201,
            "thresholds": {
                "rate<0.01": false
            },
            "value": 0
        },
        "http_reqs": {
            "count": 1201,
            "rate": 19.97003879980784
        },
        "vus": {
            "value": 3,
            "min": 2,
            "max": 3
        },
        "http_req_blocked": {
            "avg": 0.13727295753538693,
            "min": 0.002195,
            "med": 0.004171,
            "max": 6.240913,
            "p(90)": 0.00593,
            "p(95)": 0.007875
        },
        "http_req_sending": {
            "p(90)": 0.023425,
            "p(95)": 0.029805,
            "avg": 0.018064649458784315,
            "min": 0.010244,
            "med": 0.016146,
            "max": 0.097231
        },
        "http_req_tls_handshaking": {
            "max": 0,
            "p(90)": 0,
            "p(95)": 0,
            "avg": 0,
            "min": 0,
            "med": 0
        },
        "http_req_duration{expected_response:true}": {
            "avg": 37.2371011207327,
            "min": 20.348171,
            "med": 33.89675,
            "max": 151.957683,
            "p(90)": 52.162255,
            "p(95)": 62.986121
        },
        "data_received": {
            "count": 1165771,
            "rate": 19384.25653762763
        },
        "checks": {
            "passes": 1201,
            "fails": 0,
            "value": 1
        },
        "http_req_receiving": {
            "max": 0.118204,
            "p(90)": 0.064797,
            "p(95)": 0.071118,
            "avg": 0.04529070940882599,
            "min": 0.023363,
            "med": 0.041555
        },
        "iterations": {
            "count": 1201,
            "rate": 19.97003879980784
        },
        "http_req_duration": {
            "med": 33.89675,
            "max": 151.957683,
            "p(90)": 52.162255,
            "p(95)": 62.986121,
            "avg": 37.2371011207327,
            "min": 20.348171,
            "thresholds": {
                "p(95)<1500": false
            }
        },
        "http_req_connecting": {
            "avg": 0.13154695670274769,
            "min": 0,
            "med": 0,
            "max": 6.164511,
            "p(90)": 0,
            "p(95)": 0
        },
        "vus_max": {
            "value": 40,
            "min": 40,
            "max": 40
        },
        "iteration_duration": {
            "avg": 138.10142390424642,
            "min": 120.651419,
            "med": 134.808799,
            "max": 252.251613,
            "p(90)": 152.892531,
            "p(95)": 164.097996
        },
        "data_sent": {
            "count": 609967,
            "rate": 10142.435184514894
        },
        "http_req_waiting": {
            "med": 33.836057,
            "max": 151.907483,
            "p(90)": 52.108707,
            "p(95)": 62.930798,
            "avg": 37.17374576186514,
            "min": 20.29047
        },
        "http_req_failed": {
            "fails": 1201,
            "passes": 0,
            "thresholds": {
                "rate<0.01": false
            },
            "value": 0
        }
    }
}