{
    "root_group": {
        "checks": {
            "order request accepted or rejected": {
                "passes": 4200,
                "fails": 0,
                "name": "order request accepted or rejected",
                "path": "::order request accepted or rejected",
                "id": "fafce62c9a34b6143cfab38c6a298f18"
            }
        },
        "name": "",
        "path": "",
        "id": "d41d8cd98f00b204e9800998ecf8427e",
        "groups": {}
    },
    "metrics": {
        "iteration_duration": {
            "p(95)": 326.0439456499999,
            "avg": 210.58412466666576,
            "min": 121.721806,
            "med": 196.467246,
            "max": 661.357807,
            "p(90)": 293.94647219999996
        },
        "unexpected_error_rate": {
            "passes": 0,
            "fails": 4200,
            "thresholds": {
                "rate<0.01": false
            },
            "value": 0
        },
        "http_req_connecting": {
            "min": 0,
            "med": 0,
            "max": 8.210207,
            "p(90)": 0,
            "p(95)": 0,
            "avg": 0.13594649333333325
        },
        "http_req_waiting": {
            "med": 95.7444885,
            "max": 561.162306,
            "p(90)": 193.4786832,
            "p(95)": 225.42886839999997,
            "avg": 109.72841378571437,
            "min": 21.527958
        },
        "http_req_receiving": {
            "max": 0.144107,
            "p(90)": 0.054658399999999996,
            "p(95)": 0.06348179999999998,
            "avg": 0.03415590952380947,
            "min": 0.013178,
            "med": 0.029599
        },
        "iterations": {
            "count": 4200,
            "rate": 69.75332831962088
        },
        "vus_max": {
            "value": 140,
            "min": 140,
            "max": 140
        },
        "accepted_orders": {
            "count": 4200,
            "rate": 69.75332831962088
        },
        "http_req_duration": {
            "avg": 109.7776211642855,
            "min": 21.563541,
            "med": 95.78851900000001,
            "max": 561.203933,
            "p(90)": 193.5160302,
            "p(95)": 225.47615834999996,
            "thresholds": {
                "p(95)<1500": false
            }
        },
        "http_req_failed": {
            "fails": 4200,
            "passes": 0,
            "thresholds": {
                "rate<0.01": false
            },
            "value": 0
        },
        "http_req_sending": {
            "avg": 0.015051469047619092,
            "min": 0.006818,
            "med": 0.012674000000000001,
            "max": 0.500942,
            "p(90)": 0.021391499999999997,
            "p(95)": 0.02587254999999997
        },
        "data_received": {
            "count": 4082293,
            "rate": 67798.45807759286
        },
        "http_reqs": {
            "count": 4200,
            "rate": 69.75332831962088
        },
        "checks": {
            "fails": 0,
            "passes": 4200,
            "value": 1
        },
        "data_sent": {
            "count": 2136900,
            "rate": 35489.49697290425
        },
        "vus": {
            "max": 30,
            "value": 14,
            "min": 9
        },
        "http_req_blocked": {
            "p(95)": 0.007915749999999996,
            "avg": 0.14088158428571373,
            "min": 0.001716,
            "med": 0.003419,
            "max": 8.260571,
            "p(90)": 0.0057403
        },
        "http_req_duration{expected_response:true}": {
            "p(95)": 225.47615834999996,
            "avg": 109.7776211642855,
            "min": 21.563541,
            "med": 95.78851900000001,
            "max": 561.203933,
            "p(90)": 193.5160302
        },
        "http_req_tls_handshaking": {
            "max": 0,
            "p(90)": 0,
            "p(95)": 0,
            "avg": 0,
            "min": 0,
            "med": 0
        }
    }
}