{
    "root_group": {
        "path": "",
        "id": "d41d8cd98f00b204e9800998ecf8427e",
        "groups": {},
        "checks": {
                "create order 2xx": {
                    "name": "create order 2xx",
                    "path": "::create order 2xx",
                    "id": "0fdb7765b2a2db2e66900f8e42911d52",
                    "passes": 20842,
                    "fails": 0
                }
            },
        "name": ""
    },
    "metrics": {
        "http_req_tls_handshaking": {
            "min": 0,
            "med": 0,
            "max": 0,
            "p(90)": 0,
            "p(95)": 0,
            "avg": 0
        },
        "http_req_duration{expected_response:true}": {
            "avg": 66.76496224522559,
            "min": 16.822234,
            "med": 48.67991,
            "max": 418.163376,
            "p(90)": 124.03106030000002,
            "p(95)": 172.04020640000005
        },
        "checks": {
            "passes": 20842,
            "fails": 0,
            "value": 1
        },
        "http_req_failed": {
            "passes": 0,
            "fails": 20842,
            "thresholds": {
                "rate<0.005": false
            },
            "value": 0
        },
        "data_sent": {
            "rate": 9166.864209077352,
            "count": 7700199
        },
        "total_orders_created": {
            "count": 20842,
            "rate": 24.81179822048627
        },
        "http_req_waiting": {
            "p(95)": 171.96859515000003,
            "avg": 66.70858106827588,
            "min": 16.762808,
            "med": 48.6261475,
            "max": 418.098287,
            "p(90)": 123.95546750000001
        },
        "iterations": {
            "count": 34672,
            "rate": 41.27601323772671
        },
        "iteration_duration": {
            "med": 1030.9888784999998,
            "max": 1419.15851,
            "p(90)": 1105.0091934,
            "p(95)": 1134.59084795,
            "avg": 1040.7990344908558,
            "min": 1000.018316
        },
        "http_req_sending": {
            "min": 0.004944,
            "med": 0.015129,
            "max": 0.601798,
            "p(90)": 0.021457500000000008,
            "p(95)": 0.024065800000000002,
            "avg": 0.015858359370501864
        },
        "http_req_receiving": {
            "max": 0.647771,
            "p(90)": 0.062319900000000004,
            "p(95)": 0.07014750000000003,
            "avg": 0.040522817579886565,
            "min": 0.010939,
            "med": 0.03622
        },
        "vus": {
            "value": 1,
            "min": 1,
            "max": 50
        },
        "data_received": {
            "count": 16611837,
            "rate": 19775.911511160542
        },
        "order_success_rate": {
            "passes": 20842,
            "fails": 0,
            "thresholds": {
                "rate>0.99": false
            },
            "value": 1
        },
        "order_duration_ms": {
            "avg": 66.8723730927934,
            "min": 17,
            "med": 49,
            "max": 418,
            "p(90)": 124,
            "p(95)": 172
        },
        "http_req_duration": {
            "avg": 66.76496224522559,
            "min": 16.822234,
            "med": 48.67991,
            "max": 418.163376,
            "p(90)": 124.03106030000002,
            "p(95)": 172.04020640000005,
            "thresholds": {
                "p(95)<500": false
            }
        },
        "vus_max": {
            "value": 50,
            "min": 50,
            "max": 50
        },
        "http_req_connecting": {
            "avg": 0.013375316284425679,
            "min": 0,
            "med": 0,
            "max": 19.721734,
            "p(90)": 0,
            "p(95)": 0
        },
        "http_reqs": {
            "count": 20842,
            "rate": 24.81179822048627
        },
        "http_req_blocked": {
            "avg": 0.01755075765281644,
            "min": 0.001369,
            "med": 0.003842,
            "max": 19.781522,
            "p(90)": 0.005448,
            "p(95)": 0.006151
        }
    }
}