{
    "root_group": {
        "groups": {},
        "checks": {
                "status is 2xx": {
                    "id": "625da780c1868b693c9052f10511e6a0",
                    "passes": 25548,
                    "fails": 0,
                    "name": "status is 2xx",
                    "path": "::status is 2xx"
                }
            },
        "name": "",
        "path": "",
        "id": "d41d8cd98f00b204e9800998ecf8427e"
    },
    "metrics": {
        "http_req_connecting": {
            "med": 0,
            "max": 21.960211,
            "p(90)": 0,
            "p(95)": 0,
            "avg": 0.19261192613903244,
            "min": 0
        },
        "http_reqs": {
            "count": 25548,
            "rate": 212.49758191623428
        },
        "http_req_failed": {
            "fails": 25548,
            "passes": 0,
            "value": 0
        },
        "http_req_sending": {
            "avg": 0.012083224518553246,
            "min": 0.003394,
            "med": 0.009318,
            "max": 1.474712,
            "p(90)": 0.017759,
            "p(95)": 0.025466299999999997
        },
        "http_req_duration{expected_response:true}": {
            "min": 34.162511,
            "med": 3776.1604424999996,
            "max": 7490.744867,
            "p(90)": 5015.0205296,
            "p(95)": 5322.151058999998,
            "avg": 3409.5860057909135
        },
        "http_req_receiving": {
            "avg": 0.03433721050571474,
            "min": 0.009247,
            "med": 0.0293615,
            "max": 0.855514,
            "p(90)": 0.05663579999999999,
            "p(95)": 0.06552954999999999
        },
        "http_req_duration": {
            "min": 34.162511,
            "med": 3776.1604424999996,
            "max": 7490.744867,
            "p(90)": 5015.0205296,
            "p(95)": 5322.151058999998,
            "avg": 3409.5860057909135
        },
        "data_sent": {
            "count": 8858830,
            "rate": 73684.04390194903
        },
        "data_received": {
            "count": 21419725,
            "rate": 178160.3165731451
        },
        "http_req_tls_handshaking": {
            "max": 0,
            "p(90)": 0,
            "p(95)": 0,
            "avg": 0,
            "min": 0,
            "med": 0
        },
        "vus": {
            "value": 8,
            "min": 5,
            "max": 1000
        },
        "http_req_blocked": {
            "med": 0.002206,
            "max": 22.013377,
            "p(90)": 0.004034,
            "p(95)": 0.007494,
            "avg": 0.19684571402849477,
            "min": 0.000797
        },
        "vus_max": {
            "value": 1000,
            "min": 1000,
            "max": 1000
        },
        "iteration_duration": {
            "max": 7502.43378,
            "p(90)": 5015.1343148000005,
            "p(95)": 5322.276843449998,
            "avg": 3409.877757537982,
            "min": 34.251193,
            "med": 3776.380097
        },
        "http_req_waiting": {
            "avg": 3409.5395853559166,
            "min": 34.118959,
            "med": 3776.1197805,
            "max": 7490.671975,
            "p(90)": 5014.9640655,
            "p(95)": 5322.099351999998
        },
        "checks": {
            "passes": 25548,
            "fails": 0,
            "value": 1
        },
        "iterations": {
            "count": 25548,
            "rate": 212.49758191623428
        }
    }
}