{
    "metrics": {
        "http_reqs": {
            "count": 82831,
            "rate": 153.14738315896838
        },
        "http_req_connecting": {
            "med": 0,
            "max": 134.01289,
            "p(90)": 0,
            "p(95)": 0,
            "avg": 0.06973033046806157,
            "min": 0
        },
        "http_req_tls_handshaking": {
            "p(95)": 0,
            "avg": 0,
            "min": 0,
            "med": 0,
            "max": 0,
            "p(90)": 0
        },
        "order_duration_ms": {
            "p(90)": 3999,
            "p(95)": 4760,
            "avg": 2024.144825005131,
            "min": 37,
            "med": 1749,
            "max": 8272
        },
        "checks": {
            "passes": 82831,
            "fails": 0,
            "value": 1
        },
        "vus": {
            "value": 6,
            "min": 2,
            "max": 1000
        },
        "iteration_duration": {
            "min": 1038.509333,
            "med": 2749.068675,
            "max": 9272.280315,
            "p(90)": 4999.786305,
            "p(95)": 5760.486439,
            "avg": 3024.7656890961975
        },
        "http_req_receiving": {
            "avg": 0.03303709671499769,
            "min": 0.008375,
            "med": 0.027603,
            "max": 1.186058,
            "p(90)": 0.056551,
            "p(95)": 0.06808700000000001
        },
        "success_orders": {
            "count": 82831,
            "rate": 153.14738315896838
        },
        "iterations": {
            "count": 82831,
            "rate": 153.14738315896838
        },
        "vus_max": {
            "value": 1000,
            "min": 1000,
            "max": 1000
        },
        "data_received": {
            "count": 75239609,
            "rate": 139111.55519375554
        },
        "http_req_waiting": {
            "avg": 2023.9659251930177,
            "min": 31.982588,
            "med": 1748.336325,
            "max": 8266.590567,
            "p(90)": 3998.846784,
            "p(95)": 4759.9365345
        },
        "data_sent": {
            "count": 37897499,
            "rate": 70069.21080416294
        },
        "http_req_sending": {
            "avg": 0.012615709166857723,
            "min": 0.003942,
            "med": 0.010073,
            "max": 1.337523,
            "p(90)": 0.019331,
            "p(95)": 0.0250575
        },
        "error_rate": {
            "passes": 0,
            "fails": 82831,
            "thresholds": {
                "rate<0.1": false
            },
            "value": 0
        },
        "http_req_failed": {
            "passes": 0,
            "fails": 82831,
            "thresholds": {
                "rate<0.1": false
            },
            "value": 0
        },
        "http_req_duration{expected_response:true}": {
            "avg": 2024.011577998914,
            "min": 32.109673,
            "med": 1748.376637,
            "max": 8266.711791,
            "p(90)": 3998.906875,
            "p(95)": 4759.971151
        },
        "http_req_blocked": {
            "max": 134.067161,
            "p(90)": 0.004869,
            "p(95)": 0.0059045,
            "avg": 0.073777076601757,
            "min": 0.001181,
            "med": 0.003172
        },
        "http_req_duration": {
            "avg": 2024.011577998914,
            "min": 32.109673,
            "med": 1748.376637,
            "max": 8266.711791,
            "p(90)": 3998.906875,
            "p(95)": 4759.971151,
            "thresholds": {
                "p(95)<5000": false
            }
        }
    },
    "root_group": {
        "name": "",
        "path": "",
        "id": "d41d8cd98f00b204e9800998ecf8427e",
        "groups": {},
        "checks": {
                "status is 2xx": {
                    "name": "status is 2xx",
                    "path": "::status is 2xx",
                    "id": "625da780c1868b693c9052f10511e6a0",
                    "passes": 82831,
                    "fails": 0
                }
            }
    }
}