{
    "root_group": {
        "checks": {
            "status is 2xx": {
                "name": "status is 2xx",
                "path": "::status is 2xx",
                "id": "625da780c1868b693c9052f10511e6a0",
                "passes": 75706,
                "fails": 0
            }
        },
        "name": "",
        "path": "",
        "id": "d41d8cd98f00b204e9800998ecf8427e",
        "groups": {}
    },
    "metrics": {
        "http_req_connecting": {
            "p(95)": 0,
            "avg": 0.09337395213061041,
            "min": 0,
            "med": 0,
            "max": 156.212916,
            "p(90)": 0
        },
        "vus_max": {
            "value": 1000,
            "min": 1000,
            "max": 1000
        },
        "data_received": {
            "count": 63496129,
            "rate": 132087.1839781373
        },
        "success_orders": {
            "count": 75706,
            "rate": 157.48664537091486
        },
        "http_req_duration{expected_response:true}": {
            "avg": 2227.054166096257,
            "min": 58.500313,
            "med": 1954.234259,
            "max": 6431.995177,
            "p(90)": 4310.9889275000005,
            "p(95)": 4653.656433
        },
        "http_req_tls_handshaking": {
            "p(95)": 0,
            "avg": 0,
            "min": 0,
            "med": 0,
            "max": 0,
            "p(90)": 0
        },
        "error_rate": {
            "passes": 0,
            "fails": 75706,
            "value": 0
        },
        "checks": {
            "fails": 0,
            "passes": 75706,
            "value": 1
        },
        "http_req_receiving": {
            "min": 0.008241,
            "med": 0.026109,
            "max": 0.99161,
            "p(90)": 0.054439,
            "p(95)": 0.064519,
            "avg": 0.031071800161149705
        },
        "http_req_duration": {
            "med": 1954.234259,
            "max": 6431.995177,
            "p(90)": 4310.9889275000005,
            "p(95)": 4653.656433,
            "avg": 2227.054166096257,
            "min": 58.500313
        },
        "http_req_waiting": {
            "p(95)": 4653.604509,
            "avg": 2227.011699621589,
            "min": 58.44307,
            "med": 1954.1787465,
            "max": 6431.96799,
            "p(90)": 4310.9593825
        },
        "iterations": {
            "count": 75706,
            "rate": 157.48664537091486
        },
        "http_req_sending": {
            "avg": 0.011394674517211238,
            "min": 0.003574,
            "med": 0.009212,
            "max": 0.365105,
            "p(90)": 0.018014000000000002,
            "p(95)": 0.022356
        },
        "order_duration_ms": {
            "p(90)": 4311,
            "p(95)": 4653.75,
            "avg": 2227.211158957018,
            "min": 59,
            "med": 1954.5,
            "max": 6432
        },
        "data_sent": {
            "count": 31058256,
            "rate": 64608.624792104834
        },
        "http_reqs": {
            "count": 75706,
            "rate": 157.48664537091486
        },
        "iteration_duration": {
            "med": 2954.831918,
            "max": 7432.495683,
            "p(90)": 5311.5037645,
            "p(95)": 5654.257877999999,
            "avg": 3227.806754443335,
            "min": 1059.015972
        },
        "http_req_blocked": {
            "med": 0.003013,
            "max": 156.269534,
            "p(90)": 0.004709,
            "p(95)": 0.0055585,
            "avg": 0.09723910141864527,
            "min": 0.001134
        },
        "vus": {
            "value": 15,
            "min": 2,
            "max": 999
        },
        "http_req_failed": {
            "passes": 0,
            "fails": 75706,
            "value": 0
        }
    }
}