{
    "root_group": {
        "name": "",
        "path": "",
        "id": "d41d8cd98f00b204e9800998ecf8427e",
        "groups": {},
        "checks": {
                "list 200": {
                    "name": "list 200",
                    "path": "::list 200",
                    "id": "bb957fc3b3b94304050fa1ff782f2f89",
                    "passes": 56797,
                    "fails": 0
                },
                "create 2xx": {
                    "fails": 2,
                    "name": "create 2xx",
                    "path": "::create 2xx",
                    "id": "a7526aeb8c4d10aa32ab276d771689a1",
                    "passes": 28359
                },
                "health 200": {
                    "name": "health 200",
                    "path": "::health 200",
                    "id": "8e4f90a842a57472549a6b2cf699032d",
                    "passes": 9397,
                    "fails": 0
                }
            }
    },
    "metrics": {
        "http_reqs": {
            "count": 94555,
            "rate": 26.263933476844247
        },
        "total_orders": {
            "rate": 7.877096816348432,
            "count": 28359
        },
        "http_req_duration": {
            "avg": 97.70874609229728,
            "min": 6.655486,
            "med": 43.325635,
            "max": 2640.728553,
            "p(90)": 253.82648660000018,
            "p(95)": 293.2422651,
            "thresholds": {
                "p(95)<500": false
            }
        },
        "data_received": {
            "rate": 35021.78382355478,
            "count": 126084875
        },
        "http_req_blocked": {
            "avg": 0.006287716662259914,
            "min": 0.001149,
            "med": 0.00429,
            "max": 24.810388,
            "p(90)": 0.005269,
            "p(95)": 0.005832300000000003
        },
        "http_req_tls_handshaking": {
            "min": 0,
            "med": 0,
            "max": 0,
            "p(90)": 0,
            "p(95)": 0,
            "avg": 0
        },
        "vus": {
            "min": 1,
            "max": 30,
            "value": 1
        },
        "data_sent": {
            "count": 22148266,
            "rate": 6151.981226285772
        },
        "http_req_failed": {
            "passes": 2,
            "fails": 94553,
            "thresholds": {
                "rate<0.01": false
            },
            "value": 0.000021151710644598382
        },
        "http_req_sending": {
            "avg": 0.013748425688752744,
            "min": 0.003258,
            "med": 0.013614,
            "max": 0.583004,
            "p(90)": 0.018014,
            "p(95)": 0.019514300000000002
        },
        "http_req_connecting": {
            "med": 0,
            "max": 24.763915,
            "p(90)": 0,
            "p(95)": 0,
            "avg": 0.001968710073502194,
            "min": 0
        },
        "http_req_waiting": {
            "avg": 97.61713474265842,
            "min": 6.416638,
            "med": 43.207438,
            "max": 2640.68637,
            "p(90)": 253.7578384000002,
            "p(95)": 293.1687054
        },
        "vus_max": {
            "max": 30,
            "value": 30,
            "min": 30
        },
        "iteration_duration": {
            "avg": 1048.7383786897722,
            "min": 506.817431,
            "med": 1043.773356,
            "max": 3641.791918,
            "p(90)": 1254.6347434000002,
            "p(95)": 1293.9156440000002
        },
        "iterations": {
            "count": 94555,
            "rate": 26.263933476844247
        },
        "http_req_duration{expected_response:true}": {
            "max": 2640.728553,
            "p(90)": 253.80398780000002,
            "p(95)": 293.235836,
            "avg": 97.70353364229763,
            "min": 6.655486,
            "med": 43.323059
        },
        "http_req_receiving": {
            "min": 0.005933,
            "med": 0.05505,
            "max": 66.227382,
            "p(90)": 0.11009440000000013,
            "p(95)": 0.18143750000000006,
            "avg": 0.07786292394902461
        },
        "checks": {
            "passes": 94553,
            "fails": 2,
            "value": 0.9999788482893553
        },
        "order_duration_ms": {
            "avg": 229.50967878424598,
            "min": 34,
            "med": 214,
            "max": 2641,
            "p(90)": 311,
            "p(95)": 348
        }
    }
}