{
    "metrics": {
        "http_req_connecting": {
            "p(95)": 0,
            "avg": 0.004897513333333334,
            "min": 0,
            "med": 0,
            "max": 0.207653,
            "p(90)": 0
        },
        "http_req_blocked": {
            "p(90)": 0.0057673,
            "p(95)": 0.009301749999999978,
            "avg": 0.011617998333333338,
            "min": 0.002851,
            "med": 0.0043485,
            "max": 0.641455
        },
        "data_sent": {
            "count": 365660,
            "rate": 6084.381247926085
        },
        "http_req_duration{expected_response:true}": {
            "p(95)": 115.31035684999996,
            "avg": 103.93881688833329,
            "min": 85.317868,
            "med": 95.0980625,
            "max": 891.718644,
            "p(90)": 106.9196407
        },
        "http_req_tls_handshaking": {
            "med": 0,
            "max": 0,
            "p(90)": 0,
            "p(95)": 0,
            "avg": 0,
            "min": 0
        },
        "vus": {
            "value": 1,
            "min": 1,
            "max": 4
        },
        "http_req_receiving": {
            "p(95)": 0.08137475,
            "avg": 0.054856545000000013,
            "min": 0.022835,
            "med": 0.051610500000000004,
            "max": 0.213609,
            "p(90)": 0.0709541
        },
        "http_reqs": {
            "count": 600,
            "rate": 9.98366993588484
        },
        "http_req_sending": {
            "max": 0.142976,
            "p(90)": 0.0230412,
            "p(95)": 0.03151269999999994,
            "avg": 0.01921456666666665,
            "min": 0.011859,
            "med": 0.017289
        },
        "iteration_duration": {
            "avg": 204.68419327666635,
            "min": 185.847384,
            "med": 195.9167685,
            "max": 995.042654,
            "p(90)": 207.8576252,
            "p(95)": 216.43549844999995
        },
        "vus_max": {
            "value": 20,
            "min": 20,
            "max": 20
        },
        "checks": {
            "passes": 600,
            "fails": 0,
            "value": 1
        },
        "unexpected_error_rate": {
            "passes": 0,
            "fails": 600,
            "thresholds": {
                "rate<0.01": false
            },
            "value": 0
        },
        "iterations": {
            "rate": 9.98366993588484,
            "count": 600
        },
        "http_req_failed": {
            "passes": 0,
            "fails": 600,
            "thresholds": {
                "rate<0.01": false
            },
            "value": 0
        },
        "data_received": {
            "count": 465736,
            "rate": 7749.590835432104
        },
        "http_req_duration": {
            "avg": 103.93881688833329,
            "min": 85.317868,
            "med": 95.0980625,
            "max": 891.718644,
            "p(90)": 106.9196407,
            "p(95)": 115.31035684999996,
            "thresholds": {
                "p(95)<1500": false
            }
        },
        "accepted_orders": {
            "count": 600,
            "rate": 9.98366993588484
        },
        "http_req_waiting": {
            "avg": 103.86474577666665,
            "min": 85.250551,
            "med": 95.0238855,
            "max": 891.60757,
            "p(90)": 106.8607133,
            "p(95)": 115.24692869999996
        }
    },
    "root_group": {
        "name": "",
        "path": "",
        "id": "d41d8cd98f00b204e9800998ecf8427e",
        "groups": {},
        "checks": {
                "order request accepted or rejected": {
                    "passes": 600,
                    "fails": 0,
                    "name": "order request accepted or rejected",
                    "path": "::order request accepted or rejected",
                    "id": "fafce62c9a34b6143cfab38c6a298f18"
                }
            }
    }
}
